date_id,date,pre_covid,n_count,t_count,d_count,is_high
0,2018-1-2,0,47,93,117,1
0,2018-1-2,0,14,24,117,0
1,2018-1-9,0,47,91,129,1
1,2018-1-9,0,22,38,129,0
2,2018-2-8,0,54,96,139,1
2,2018-2-8,0,27,43,139,0
3,2018-3-14,0,59,90,138,1
3,2018-3-14,0,25,48,138,0
4,2018-4-10,0,53,91,142,1
4,2018-4-10,0,29,51,142,0
5,2018-5-8,0,53,89,135,1
5,2018-5-8,0,21,46,135,0
6,2018-7-20,0,54,90,136,1
6,2018-7-20,0,29,46,136,0
7,2018-10-15,0,49,90,136,1
7,2018-10-15,0,24,46,136,0
8,2018-10-31,0,50,92,156,1
8,2018-10-31,0,41,64,156,0
9,2018-11-11,0,42,103,103,1
9,2018-11-11,0,0,0,103,0
10,2018-11-27,0,49,89,150,1
10,2018-11-27,0,40,61,150,0
11,2018-12-4,0,44,92,159,1
11,2018-12-4,0,38,67,159,0
12,2018-12-15,0,37,72,72,1
12,2018-12-15,0,0,0,72,0
13,2018-12-16,0,50,99,99,1
13,2018-12-16,0,0,0,99,0
14,2018-12-27,0,50,88,135,1
14,2018-12-27,0,27,47,135,0
15,2019-1-2,0,45,89,115,1
15,2019-1-2,0,13,26,115,0
16,2019-1-5,0,34,64,64,1
16,2019-1-5,0,0,0,64,0
17,2019-1-10,0,52,93,158,1
17,2019-1-10,0,45,65,158,0
18,2019-1-16,0,50,92,166,1
18,2019-1-16,0,45,74,166,0
19,2019-1-17,0,62,95,163,1
19,2019-1-17,0,53,68,163,0
20,2019-1-25,0,54,93,159,1
20,2019-1-25,0,38,66,159,0
21,2019-2-25,0,42,82,116,1
21,2019-2-25,0,16,34,116,0
22,2019-3-4,0,44,88,122,1
22,2019-3-4,0,19,34,122,0
23,2019-3-7,0,62,100,163,1
23,2019-3-7,0,38,63,163,0
24,2019-3-24,0,42,99,99,1
24,2019-3-24,0,0,0,99,0
25,2019-3-25,0,49,92,134,1
25,2019-3-25,0,28,42,134,0
26,2019-4-8,0,49,91,122,1
26,2019-4-8,0,16,31,122,0
27,2019-4-17,0,43,93,162,1
27,2019-4-17,0,45,69,162,0
28,2019-4-30,0,55,88,154,1
28,2019-4-30,0,40,66,154,0
29,2019-5-17,0,53,92,167,1
29,2019-5-17,0,43,75,167,0
30,2019-5-29,0,54,93,155,1
30,2019-5-29,0,37,62,155,0
31,2019-6-16,0,49,103,103,1
31,2019-6-16,0,0,0,103,0
32,2019-6-28,0,48,98,182,1
32,2019-6-28,0,54,84,182,0
33,2019-6-29,0,28,61,61,1
33,2019-6-29,0,0,0,61,0
34,2019-7-6,0,34,66,66,1
34,2019-7-6,0,0,0,66,0
35,2019-7-10,0,51,97,177,1
35,2019-7-10,0,48,80,177,0
36,2019-7-13,0,30,61,61,1
36,2019-7-13,0,0,0,61,0
37,2019-7-20,0,36,61,61,1
37,2019-7-20,0,0,0,61,0
38,2019-7-29,0,54,87,122,1
38,2019-7-29,0,19,35,122,0
39,2019-8-14,0,61,93,166,1
39,2019-8-14,0,49,73,166,0
40,2019-8-18,0,42,94,94,1
40,2019-8-18,0,0,0,94,0
41,2019-8-22,0,61,94,160,1
41,2019-8-22,0,42,66,160,0
42,2019-8-31,0,31,56,56,1
42,2019-8-31,0,0,0,56,0
43,2019-9-12,0,53,87,96,1
43,2019-9-12,0,4,9,96,0
44,2019-9-27,0,56,93,172,1
44,2019-9-27,0,55,79,172,0
45,2019-10-7,0,41,85,124,1
45,2019-10-7,0,22,39,124,0
46,2019-10-17,0,45,84,169,1
46,2019-10-17,0,59,85,169,0
47,2019-11-1,0,48,91,150,1
47,2019-11-1,0,37,59,150,0
48,2019-11-10,0,42,96,96,1
48,2019-11-10,0,0,0,96,0
49,2019-11-20,0,55,92,170,1
49,2019-11-20,0,54,78,170,0
50,2020-1-20,1,48,88,135,1
50,2020-1-20,1,28,47,135,0
51,2020-2-11,1,53,94,160,1
51,2020-2-11,1,42,66,160,0
52,2020-2-14,1,49,93,154,1
52,2020-2-14,1,41,61,154,0
53,2020-2-15,1,32,60,60,1
53,2020-2-15,1,0,0,60,0
54,2020-3-12,1,65,98,167,1
54,2020-3-12,1,47,69,167,0
55,2020-3-14,1,63,85,85,1
55,2020-3-14,1,0,0,85,0
56,2020-3-26,1,62,97,181,1
56,2020-3-26,1,50,84,181,0
57,2020-4-6,1,48,92,128,1
57,2020-4-6,1,22,36,128,0
58,2020-4-17,1,58,93,173,1
58,2020-4-17,1,55,80,173,0
59,2020-4-25,1,34,73,73,1
59,2020-4-25,1,0,0,73,0
60,2020-5-12,1,55,90,152,1
60,2020-5-12,1,36,62,152,0
61,2020-5-13,1,55,98,164,1
61,2020-5-13,1,41,66,164,0
62,2020-6-12,1,49,91,157,1
62,2020-6-12,1,44,66,157,0
63,2020-6-15,1,56,89,112,1
63,2020-6-15,1,13,23,112,0
64,2020-7-4,1,26,57,57,1
64,2020-7-4,1,0,0,57,0
65,2020-7-13,1,48,93,129,1
65,2020-7-13,1,20,36,129,0
66,2020-7-23,1,57,95,160,1
66,2020-7-23,1,39,65,160,0
67,2020-7-28,1,62,94,154,1
67,2020-7-28,1,36,60,154,0
68,2020-8-8,1,40,72,72,1
68,2020-8-8,1,0,0,72,0
69,2020-8-19,1,57,96,166,1
69,2020-8-19,1,40,70,166,0
70,2020-8-21,1,47,95,163,1
70,2020-8-21,1,46,68,163,0
71,2020-9-23,1,47,96,147,1
71,2020-9-23,1,36,51,147,0
72,2020-9-28,1,64,103,153,1
72,2020-9-28,1,31,50,153,0
73,2020-10-12,1,49,93,130,1
73,2020-10-12,1,24,37,130,0
74,2020-10-13,1,56,98,156,1
74,2020-10-13,1,35,58,156,0
75,2020-10-20,1,53,94,157,1
75,2020-10-20,1,45,63,157,0
76,2020-10-26,1,56,92,132,1
76,2020-10-26,1,25,40,132,0
77,2020-10-27,1,50,95,148,1
77,2020-10-27,1,32,53,148,0
78,2020-11-5,1,50,95,189,1
78,2020-11-5,1,52,94,189,0
79,2020-11-6,1,40,95,165,1
79,2020-11-6,1,46,70,165,0
80,2020-11-17,1,52,98,151,1
80,2020-11-17,1,32,53,151,0
81,2020-11-20,1,44,92,149,1
81,2020-11-20,1,39,57,149,0
82,2020-11-26,1,49,91,142,1
82,2020-11-26,1,31,51,142,0
83,2020-12-6,1,48,106,106,1
83,2020-12-6,1,0,0,106,0
84,2020-12-19,1,36,72,72,1
84,2020-12-19,1,0,0,72,0
85,2021-2-7,1,43,103,103,1
85,2021-2-7,1,0,0,103,0
86,2021-2-17,1,54,97,160,1
86,2021-2-17,1,40,63,160,0
87,2021-3-22,1,46,95,128,1
87,2021-3-22,1,21,33,128,0
88,2021-4-26,1,48,92,115,1
88,2021-4-26,1,16,23,115,0
89,2021-5-26,1,47,97,159,1
89,2021-5-26,1,44,62,159,0
90,2021-6-4,1,52,97,149,1
90,2021-6-4,1,34,52,149,0
91,2021-7-9,1,39,95,146,1
91,2021-7-9,1,31,51,146,0
92,2021-9-4,1,42,74,74,1
92,2021-9-4,1,0,0,74,0
93,2021-9-5,1,39,77,77,1
93,2021-9-5,1,0,0,77,0
94,2021-9-7,1,47,92,114,1
94,2021-9-7,1,13,22,114,0
95,2021-9-18,1,40,73,73,1
95,2021-9-18,1,0,0,73,0
96,2021-10-10,1,45,106,106,1
96,2021-10-10,1,0,0,106,0
97,2021-11-5,1,49,98,144,1
97,2021-11-5,1,26,46,144,0
98,2021-11-16,1,50,97,140,1
98,2021-11-16,1,26,43,140,0
99,2021-12-20,1,52,94,110,1
99,2021-12-20,1,9,16,110,0
