date_id,date,pre_covid,count,is_r
0,2018-1-2,0,9,0
0,2018-1-2,0,10,1
1,2018-1-9,0,10,0
1,2018-1-9,0,8,1
2,2018-2-8,0,9,0
2,2018-2-8,0,10,1
3,2018-3-14,0,9,0
3,2018-3-14,0,7,1
4,2018-4-10,0,11,0
4,2018-4-10,0,7,1
5,2018-5-8,0,8,0
5,2018-5-8,0,8,1
6,2018-7-20,0,9,0
6,2018-7-20,0,9,1
7,2018-10-15,0,9,0
7,2018-10-15,0,8,1
8,2018-10-31,0,7,0
8,2018-10-31,0,10,1
9,2018-11-11,0,7,0
9,2018-11-11,0,8,1
10,2018-11-27,0,11,0
10,2018-11-27,0,11,1
11,2018-12-4,0,5,0
11,2018-12-4,0,7,1
12,2018-12-15,0,8,0
12,2018-12-15,0,5,1
13,2018-12-16,0,9,0
13,2018-12-16,0,7,1
14,2018-12-27,0,10,0
14,2018-12-27,0,8,1
15,2019-1-2,0,8,0
15,2019-1-2,0,10,1
16,2019-1-5,0,9,0
16,2019-1-5,0,7,1
17,2019-1-10,0,9,0
17,2019-1-10,0,11,1
18,2019-1-16,0,5,0
18,2019-1-16,0,9,1
19,2019-1-17,0,10,0
19,2019-1-17,0,11,1
20,2019-1-25,0,7,0
20,2019-1-25,0,10,1
21,2019-2-25,0,8,0
21,2019-2-25,0,7,1
22,2019-3-4,0,8,0
22,2019-3-4,0,6,1
23,2019-3-7,0,9,0
23,2019-3-7,0,9,1
24,2019-3-24,0,4,0
24,2019-3-24,0,10,1
25,2019-3-25,0,11,0
25,2019-3-25,0,7,1
26,2019-4-8,0,8,0
26,2019-4-8,0,8,1
27,2019-4-17,0,3,0
27,2019-4-17,0,6,1
28,2019-4-30,0,10,0
28,2019-4-30,0,9,1
29,2019-5-17,0,8,0
29,2019-5-17,0,7,1
30,2019-5-29,0,11,0
30,2019-5-29,0,10,1
31,2019-6-16,0,6,0
31,2019-6-16,0,7,1
32,2019-6-28,0,6,0
32,2019-6-28,0,6,1
33,2019-6-29,0,7,0
33,2019-6-29,0,6,1
34,2019-7-6,0,9,0
34,2019-7-6,0,6,1
35,2019-7-10,0,6,0
35,2019-7-10,0,9,1
36,2019-7-13,0,11,0
36,2019-7-13,0,7,1
37,2019-7-20,0,11,0
37,2019-7-20,0,7,1
38,2019-7-29,0,11,0
38,2019-7-29,0,7,1
39,2019-8-14,0,9,0
39,2019-8-14,0,12,1
40,2019-8-18,0,6,0
40,2019-8-18,0,8,1
41,2019-8-22,0,11,0
41,2019-8-22,0,12,1
42,2019-8-31,0,9,0
42,2019-8-31,0,7,1
43,2019-9-12,0,10,0
43,2019-9-12,0,10,1
44,2019-9-27,0,10,0
44,2019-9-27,0,12,1
45,2019-10-7,0,9,0
45,2019-10-7,0,10,1
46,2019-10-17,0,8,0
46,2019-10-17,0,11,1
47,2019-11-1,0,11,0
47,2019-11-1,0,8,1
48,2019-11-10,0,5,0
48,2019-11-10,0,4,1
49,2019-11-20,0,8,0
49,2019-11-20,0,11,1
50,2020-1-20,1,11,0
50,2020-1-20,1,5,1
51,2020-2-11,1,7,0
51,2020-2-11,1,8,1
52,2020-2-14,1,9,0
52,2020-2-14,1,11,1
53,2020-2-15,1,8,0
53,2020-2-15,1,9,1
54,2020-3-12,1,9,0
54,2020-3-12,1,9,1
55,2020-3-14,1,15,0
55,2020-3-14,1,8,1
56,2020-3-26,1,9,0
56,2020-3-26,1,10,1
57,2020-4-6,1,6,0
57,2020-4-6,1,10,1
58,2020-4-17,1,11,0
58,2020-4-17,1,10,1
59,2020-4-25,1,8,0
59,2020-4-25,1,8,1
60,2020-5-12,1,8,0
60,2020-5-12,1,10,1
61,2020-5-13,1,8,0
61,2020-5-13,1,6,1
62,2020-6-12,1,11,0
62,2020-6-12,1,9,1
63,2020-6-15,1,11,0
63,2020-6-15,1,9,1
64,2020-7-4,1,6,0
64,2020-7-4,1,8,1
65,2020-7-13,1,8,0
65,2020-7-13,1,10,1
66,2020-7-23,1,9,0
66,2020-7-23,1,8,1
67,2020-7-28,1,10,0
67,2020-7-28,1,10,1
68,2020-8-8,1,11,0
68,2020-8-8,1,6,1
69,2020-8-19,1,9,0
69,2020-8-19,1,8,1
70,2020-8-21,1,8,0
70,2020-8-21,1,9,1
71,2020-9-23,1,10,0
71,2020-9-23,1,10,1
72,2020-9-28,1,8,0
72,2020-9-28,1,10,1
73,2020-10-12,1,9,0
73,2020-10-12,1,8,1
74,2020-10-13,1,4,0
74,2020-10-13,1,12,1
75,2020-10-20,1,11,0
75,2020-10-20,1,10,1
76,2020-10-26,1,9,0
76,2020-10-26,1,9,1
77,2020-10-27,1,9,0
77,2020-10-27,1,9,1
78,2020-11-5,1,4,0
78,2020-11-5,1,7,1
79,2020-11-6,1,8,0
79,2020-11-6,1,11,1
80,2020-11-17,1,8,0
80,2020-11-17,1,11,1
81,2020-11-20,1,6,0
81,2020-11-20,1,8,1
82,2020-11-26,1,8,0
82,2020-11-26,1,10,1
83,2020-12-6,1,3,0
83,2020-12-6,1,11,1
84,2020-12-19,1,7,0
84,2020-12-19,1,5,1
85,2021-2-7,1,2,0
85,2021-2-7,1,9,1
86,2021-2-17,1,8,0
86,2021-2-17,1,10,1
87,2021-3-22,1,4,0
87,2021-3-22,1,7,1
88,2021-4-26,1,9,0
88,2021-4-26,1,11,1
89,2021-5-26,1,9,0
89,2021-5-26,1,12,1
90,2021-6-4,1,13,0
90,2021-6-4,1,8,1
91,2021-7-9,1,9,0
91,2021-7-9,1,8,1
92,2021-9-4,1,10,0
92,2021-9-4,1,10,1
93,2021-9-5,1,7,0
93,2021-9-5,1,9,1
94,2021-9-7,1,9,0
94,2021-9-7,1,8,1
95,2021-9-18,1,8,0
95,2021-9-18,1,8,1
96,2021-10-10,1,5,0
96,2021-10-10,1,8,1
97,2021-11-5,1,7,0
97,2021-11-5,1,7,1
98,2021-11-16,1,8,0
98,2021-11-16,1,8,1
99,2021-12-20,1,8,0
99,2021-12-20,1,9,1
